source_file,source_section,source_line_or_heading,required_style,category,country,region,appellation_or_style,grape_or_blend,requirement_level,notes
C:\Dev\WSET-AI-System-push\knowledge\official-wset\specification\wset_l3wines_specification_es_highres_aug2023_issue201.md,"Recomendaciones de Vinos para Catar, lineas 1501-1951",1520,Bordeaux AC genérico tinto,tinto,France,Bordeaux,Bordeaux AC,Cabernet Sauvignon / Merlot / Cabernet Franc,Imprescindible,"Linea textual ""Bordeaux AC generico"" bajo categoria Tinto."
C:\Dev\WSET-AI-System-push\knowledge\official-wset\specification\wset_l3wines_specification_es_highres_aug2023_issue201.md,"Recomendaciones de Vinos para Catar, lineas 1501-1951",1521,Cru Bourgeois o Haut-Médoc Cru Classé,tinto,France,Bordeaux,Haut-Médoc / Médoc,Cabernet Sauvignon-dominant blend,Imprescindible,
C:\Dev\WSET-AI-System-push\knowledge\official-wset\specification\wset_l3wines_specification_es_highres_aug2023_issue201.md,"Recomendaciones de Vinos para Catar, lineas 1501-1951",1522,Saint-Émilion Grand Cru o Pomerol,tinto,France,Bordeaux,Saint-Émilion Grand Cru / Pomerol,Merlot-dominant blend,Imprescindible,
C:\Dev\WSET-AI-System-push\knowledge\official-wset\specification\wset_l3wines_specification_es_highres_aug2023_issue201.md,"Recomendaciones de Vinos para Catar, lineas 1501-1951",1526,Sauternes o Barsac,dulce,France,Bordeaux,Sauternes / Barsac,Sémillon / Sauvignon Blanc / Muscadelle,Imprescindible,
C:\Dev\WSET-AI-System-push\knowledge\official-wset\specification\wset_l3wines_specification_es_highres_aug2023_issue201.md,"Recomendaciones de Vinos para Catar, lineas 1501-1951",1532,"Saint-Émilion, Pomerol o Haut-Médoc de añada más antigua",tinto,France,Bordeaux,Saint-Émilion / Pomerol / Haut-Médoc,Bordeaux blend,Opcional,
C:\Dev\WSET-AI-System-push\knowledge\official-wset\specification\wset_l3wines_specification_es_highres_aug2023_issue201.md,"Recomendaciones de Vinos para Catar, lineas 1501-1951",1536,Bordeaux AC genérico blanco seco,blanco,France,Bordeaux,Bordeaux AC,Sauvignon Blanc / Sémillon,Opcional,"Linea textual ""Bordeaux AC generico"" bajo categoria Blanco Seco."
C:\Dev\WSET-AI-System-push\knowledge\official-wset\specification\wset_l3wines_specification_es_highres_aug2023_issue201.md,"Recomendaciones de Vinos para Catar, lineas 1501-1951",1537,Graves o Pessac-Léognan blanco seco con roble,blanco,France,Bordeaux,Graves / Pessac-Léognan,Sauvignon Blanc / Sémillon,Opcional,
C:\Dev\WSET-AI-System-push\knowledge\official-wset\specification\wset_l3wines_specification_es_highres_aug2023_issue201.md,"Recomendaciones de Vinos para Catar, lineas 1501-1951",1544,Cahors o Madiran,tinto,France,Dordogne / South West France,Cahors / Madiran,Malbec / Tannat,Opcional,
C:\Dev\WSET-AI-System-push\knowledge\official-wset\specification\wset_l3wines_specification_es_highres_aug2023_issue201.md,"Recomendaciones de Vinos para Catar, lineas 1501-1951",1562,Bourgogne Rouge AC,tinto,France,Burgundy,Bourgogne Rouge,Pinot Noir,Imprescindible,
C:\Dev\WSET-AI-System-push\knowledge\official-wset\specification\wset_l3wines_specification_es_highres_aug2023_issue201.md,"Recomendaciones de Vinos para Catar, lineas 1501-1951",1563,Côte d’Or Village o Premier Cru tinto,tinto,France,Burgundy,Côte d’Or Village / Premier Cru,Pinot Noir,Imprescindible,
C:\Dev\WSET-AI-System-push\knowledge\official-wset\specification\wset_l3wines_specification_es_highres_aug2023_issue201.md,"Recomendaciones de Vinos para Catar, lineas 1501-1951",1564,"Beaujolais AC, Beaujolais Villages o Cru",tinto,France,Beaujolais,Beaujolais / Villages / Cru,Gamay,Imprescindible,
C:\Dev\WSET-AI-System-push\knowledge\official-wset\specification\wset_l3wines_specification_es_highres_aug2023_issue201.md,"Recomendaciones de Vinos para Catar, lineas 1501-1951",1566,Chablis Village o Premier Cru,blanco,France,Burgundy,Chablis,Chardonnay,Imprescindible,
C:\Dev\WSET-AI-System-push\knowledge\official-wset\specification\wset_l3wines_specification_es_highres_aug2023_issue201.md,"Recomendaciones de Vinos para Catar, lineas 1501-1951",1567,Côte d’Or Village o Premier Cru blanco,blanco,France,Burgundy,Meursault / Puligny-Montrachet / Chassagne-Montrachet,Chardonnay,Imprescindible,
C:\Dev\WSET-AI-System-push\knowledge\official-wset\specification\wset_l3wines_specification_es_highres_aug2023_issue201.md,"Recomendaciones de Vinos para Catar, lineas 1501-1951",1569,Otro vino de Beaujolais,tinto,France,Beaujolais,Beaujolais,Gamay,Opcional,
C:\Dev\WSET-AI-System-push\knowledge\official-wset\specification\wset_l3wines_specification_es_highres_aug2023_issue201.md,"Recomendaciones de Vinos para Catar, lineas 1501-1951",1571,Mâcon o Mâcon Villages,blanco,France,Burgundy,Mâcon / Mâcon Villages,Chardonnay,Opcional,
C:\Dev\WSET-AI-System-push\knowledge\official-wset\specification\wset_l3wines_specification_es_highres_aug2023_issue201.md,"Recomendaciones de Vinos para Catar, lineas 1501-1951",1576-1577,Alsace Riesling seco o casi seco,blanco,France,Alsace,Alsace / Alsace Grand Cru,Riesling,Imprescindible,"Uno de los tres estilos listados bajo ""Al menos uno de los siguientes""."
C:\Dev\WSET-AI-System-push\knowledge\official-wset\specification\wset_l3wines_specification_es_highres_aug2023_issue201.md,"Recomendaciones de Vinos para Catar, lineas 1501-1951",1576-1578,Alsace Gewurztraminer seco o casi seco,blanco,France,Alsace,Alsace / Alsace Grand Cru,Gewurztraminer,Imprescindible,"Uno de los tres estilos listados bajo ""Al menos uno de los siguientes""."
C:\Dev\WSET-AI-System-push\knowledge\official-wset\specification\wset_l3wines_specification_es_highres_aug2023_issue201.md,"Recomendaciones de Vinos para Catar, lineas 1501-1951",1576-1579,Alsace Pinot Gris seco o casi seco,blanco,France,Alsace,Alsace / Alsace Grand Cru,Pinot Gris,Imprescindible,"Uno de los tres estilos listados bajo ""Al menos uno de los siguientes""."
C:\Dev\WSET-AI-System-push\knowledge\official-wset\specification\wset_l3wines_specification_es_highres_aug2023_issue201.md,"Recomendaciones de Vinos para Catar, lineas 1501-1951",1585-1586,Alsace Vendanges Tardives o Sélection de Grains Nobles,dulce,France,Alsace,VT / SGN,Riesling / Gewurztraminer / Pinot Gris / Muscat,Opcional,
C:\Dev\WSET-AI-System-push\knowledge\official-wset\specification\wset_l3wines_specification_es_highres_aug2023_issue201.md,"Recomendaciones de Vinos para Catar, lineas 1501-1951",1629,Chenin Blanc seco premium del Loire,blanco,France,Loire Valley,Savennières / Vouvray / Anjou,Chenin Blanc,Imprescindible,
C:\Dev\WSET-AI-System-push\knowledge\official-wset\specification\wset_l3wines_specification_es_highres_aug2023_issue201.md,"Recomendaciones de Vinos para Catar, lineas 1501-1951",1630,Sancerre o Pouilly-Fumé,blanco,France,Loire Valley,Sancerre / Pouilly-Fumé,Sauvignon Blanc,Imprescindible,
C:\Dev\WSET-AI-System-push\knowledge\official-wset\specification\wset_l3wines_specification_es_highres_aug2023_issue201.md,"Recomendaciones de Vinos para Catar, lineas 1501-1951",1632,Cabernet Franc premium del Loire,tinto,France,Loire Valley,Chinon / Bourgueil / Saumur-Champigny,Cabernet Franc,Imprescindible,
C:\Dev\WSET-AI-System-push\knowledge\official-wset\specification\wset_l3wines_specification_es_highres_aug2023_issue201.md,"Recomendaciones de Vinos para Catar, lineas 1501-1951",1634,Muscadet o Muscadet Sur Lie,blanco,France,Loire Valley,Muscadet / Muscadet Sèvre et Maine,Melon Blanc,Opcional,
C:\Dev\WSET-AI-System-push\knowledge\official-wset\specification\wset_l3wines_specification_es_highres_aug2023_issue201.md,"Recomendaciones de Vinos para Catar, lineas 1501-1951",1636,Syrah premium del Norte del Ródano,tinto,France,Northern Rhône,Côte-Rôtie / Hermitage / Crozes-Hermitage,Syrah,Imprescindible,
C:\Dev\WSET-AI-System-push\knowledge\official-wset\specification\wset_l3wines_specification_es_highres_aug2023_issue201.md,"Recomendaciones de Vinos para Catar, lineas 1501-1951",1637,Châteauneuf-du-Pape o Gigondas,tinto,France,Southern Rhône,Châteauneuf-du-Pape / Gigondas,Grenache / Syrah / Mourvèdre,Imprescindible,
C:\Dev\WSET-AI-System-push\knowledge\official-wset\specification\wset_l3wines_specification_es_highres_aug2023_issue201.md,"Recomendaciones de Vinos para Catar, lineas 1501-1951",1638,Côtes du Rhône o Côtes du Rhône Villages,tinto,France,Southern Rhône,Côtes du Rhône / Villages,Grenache / Syrah / Mourvèdre,Imprescindible,
C:\Dev\WSET-AI-System-push\knowledge\official-wset\specification\wset_l3wines_specification_es_highres_aug2023_issue201.md,"Recomendaciones de Vinos para Catar, lineas 1501-1951",1640,Syrah del Norte del Ródano de precio medio,tinto,France,Northern Rhône,Crozes-Hermitage / Saint-Joseph,Syrah,Opcional,
C:\Dev\WSET-AI-System-push\knowledge\official-wset\specification\wset_l3wines_specification_es_highres_aug2023_issue201.md,"Recomendaciones de Vinos para Catar, lineas 1501-1951",1642,Condrieu,blanco,France,Northern Rhône,Condrieu / Château-Grillet,Viognier,Opcional,
C:\Dev\WSET-AI-System-push\knowledge\official-wset\specification\wset_l3wines_specification_es_highres_aug2023_issue201.md,"Recomendaciones de Vinos para Catar, lineas 1501-1951",1644,"Corbières, Fitou o Minervois",tinto,France,South of France,Corbières / Fitou / Minervois,Grenache / Syrah / Carignan / Mourvèdre,Opcional,
C:\Dev\WSET-AI-System-push\knowledge\official-wset\specification\wset_l3wines_specification_es_highres_aug2023_issue201.md,"Recomendaciones de Vinos para Catar, lineas 1501-1951",1645,IGP de variedad internacional del sur de Francia,blanco/tinto,France,South of France,Pays d’Oc / IGP,Cabernet Sauvignon / Merlot / Chardonnay / Sauvignon Blanc,Opcional,
C:\Dev\WSET-AI-System-push\knowledge\official-wset\specification\wset_l3wines_specification_es_highres_aug2023_issue201.md,"Recomendaciones de Vinos para Catar, lineas 1501-1951",1647-1648,Rosado Côtes de Provence o sur del Ródano,rosado,France,Provence / Southern Rhône,Côtes de Provence / Tavel / Lirac,Grenache / Cinsault / Syrah,Opcional,
C:\Dev\WSET-AI-System-push\knowledge\official-wset\specification\wset_l3wines_specification_es_highres_aug2023_issue201.md,"Recomendaciones de Vinos para Catar, lineas 1501-1951",1650,Riesling alemán con azúcar residual (Kabinett o Spätlese),blanco/dulce,Germany,Germany,Kabinett / Spätlese,Riesling,Imprescindible,
C:\Dev\WSET-AI-System-push\knowledge\official-wset\specification\wset_l3wines_specification_es_highres_aug2023_issue201.md,"Recomendaciones de Vinos para Catar, lineas 1501-1951",1651,Riesling seco VDP,blanco,Germany,Mosel / Rheingau / Pfalz / Rheinhessen,VDP / trocken,Riesling,Imprescindible,
C:\Dev\WSET-AI-System-push\knowledge\official-wset\specification\wset_l3wines_specification_es_highres_aug2023_issue201.md,"Recomendaciones de Vinos para Catar, lineas 1501-1951",1653,Riesling Auslese o Beerenauslese botrytizado,dulce,Germany,Germany,Auslese / Beerenauslese,Riesling,Opcional,
C:\Dev\WSET-AI-System-push\knowledge\official-wset\specification\wset_l3wines_specification_es_highres_aug2023_issue201.md,"Recomendaciones de Vinos para Catar, lineas 1501-1951",1654,Eiswein,dulce,Germany,Germany,Eiswein,Riesling,Opcional,
C:\Dev\WSET-AI-System-push\knowledge\official-wset\specification\wset_l3wines_specification_es_highres_aug2023_issue201.md,"Recomendaciones de Vinos para Catar, lineas 1501-1951",1658,Grüner Veltliner austríaco,blanco,Austria,Niederösterreich,Wachau / Weinviertel / Kamptal / Kremstal,Grüner Veltliner,Imprescindible,
C:\Dev\WSET-AI-System-push\knowledge\official-wset\specification\wset_l3wines_specification_es_highres_aug2023_issue201.md,"Recomendaciones de Vinos para Catar, lineas 1501-1951",1714,Tokaji Aszú,dulce,Hungary,Tokaj,Tokaj,Furmint / Hárslevelű / Sárga Muskotály,Imprescindible,
C:\Dev\WSET-AI-System-push\knowledge\official-wset\specification\wset_l3wines_specification_es_highres_aug2023_issue201.md,"Recomendaciones de Vinos para Catar, lineas 1501-1951",1738,Naoussa o Nemea,tinto,Greece,Naoussa / Nemea,Naoussa PDO / Nemea PDO,Xinomavro / Agiorgitiko,Opcional,
C:\Dev\WSET-AI-System-push\knowledge\official-wset\specification\wset_l3wines_specification_es_highres_aug2023_issue201.md,"Recomendaciones de Vinos para Catar, lineas 1501-1951",1740,Barolo o Barbaresco,tinto,Italy,Piemonte,Barolo / Barbaresco,Nebbiolo,Imprescindible,
C:\Dev\WSET-AI-System-push\knowledge\official-wset\specification\wset_l3wines_specification_es_highres_aug2023_issue201.md,"Recomendaciones de Vinos para Catar, lineas 1501-1951",1741,Valpolicella o Valpolicella Classico,tinto,Italy,Veneto,Valpolicella / Classico,Corvina blend,Imprescindible,
C:\Dev\WSET-AI-System-push\knowledge\official-wset\specification\wset_l3wines_specification_es_highres_aug2023_issue201.md,"Recomendaciones de Vinos para Catar, lineas 1501-1951",1742,Amarone della Valpolicella,tinto,Italy,Veneto,Amarone della Valpolicella DOCG,Corvina blend,Imprescindible,
C:\Dev\WSET-AI-System-push\knowledge\official-wset\specification\wset_l3wines_specification_es_highres_aug2023_issue201.md,"Recomendaciones de Vinos para Catar, lineas 1501-1951",1743,Chianti,tinto,Italy,Tuscany,Chianti DOCG,Sangiovese,Imprescindible,
C:\Dev\WSET-AI-System-push\knowledge\official-wset\specification\wset_l3wines_specification_es_highres_aug2023_issue201.md,"Recomendaciones de Vinos para Catar, lineas 1501-1951",1744,Chianti Classico Riserva o Brunello di Montalcino,tinto,Italy,Tuscany,Chianti Classico / Brunello di Montalcino,Sangiovese,Imprescindible,
C:\Dev\WSET-AI-System-push\knowledge\official-wset\specification\wset_l3wines_specification_es_highres_aug2023_issue201.md,"Recomendaciones de Vinos para Catar, lineas 1501-1951",1745,Tinto del sur de Italia (p. ej. Taurasi),tinto,Italy,Southern Italy,Taurasi / Puglia / Basilicata / Sicily,Aglianico / Negroamaro / Primitivo / Nero d’Avola,Imprescindible,
C:\Dev\WSET-AI-System-push\knowledge\official-wset\specification\wset_l3wines_specification_es_highres_aug2023_issue201.md,"Recomendaciones de Vinos para Catar, lineas 1501-1951",1747,Pinot Grigio del Veneto,blanco,Italy,Veneto,Pinot Grigio delle Venezie / Veneto,Pinot Grigio,Opcional,
C:\Dev\WSET-AI-System-push\knowledge\official-wset\specification\wset_l3wines_specification_es_highres_aug2023_issue201.md,"Recomendaciones de Vinos para Catar, lineas 1501-1951",1749,"Pinot Grigio Alto Adige, Trentino o Friuli",blanco,Italy,North-East Italy,Alto Adige / Trentino / Friuli,Pinot Grigio,Opcional,
C:\Dev\WSET-AI-System-push\knowledge\official-wset\specification\wset_l3wines_specification_es_highres_aug2023_issue201.md,"Recomendaciones de Vinos para Catar, lineas 1501-1951",1750,Soave o Soave Classico,blanco,Italy,Veneto,Soave / Soave Classico,Garganega,Opcional,
C:\Dev\WSET-AI-System-push\knowledge\official-wset\specification\wset_l3wines_specification_es_highres_aug2023_issue201.md,"Recomendaciones de Vinos para Catar, lineas 1501-1951",1752,Rioja Reserva o Gran Reserva,tinto,Spain,Rioja,Rioja DOCa,Tempranillo blend,Imprescindible,
C:\Dev\WSET-AI-System-push\knowledge\official-wset\specification\wset_l3wines_specification_es_highres_aug2023_issue201.md,"Recomendaciones de Vinos para Catar, lineas 1501-1951",1753,Ribera del Duero,tinto,Spain,Ribera del Duero,Ribera del Duero DO,Tempranillo,Imprescindible,
C:\Dev\WSET-AI-System-push\knowledge\official-wset\specification\wset_l3wines_specification_es_highres_aug2023_issue201.md,"Recomendaciones de Vinos para Catar, lineas 1501-1951",1754,Priorat,tinto,Spain,Priorat,Priorat DOCa,Garnacha / Cariñena,Imprescindible,
C:\Dev\WSET-AI-System-push\knowledge\official-wset\specification\wset_l3wines_specification_es_highres_aug2023_issue201.md,"Recomendaciones de Vinos para Catar, lineas 1501-1951",1756,Rías Baixas o Rueda,blanco,Spain,Rías Baixas / Rueda,Rías Baixas DO / Rueda DO,Albariño / Verdejo,Imprescindible,
C:\Dev\WSET-AI-System-push\knowledge\official-wset\specification\wset_l3wines_specification_es_highres_aug2023_issue201.md,"Recomendaciones de Vinos para Catar, lineas 1501-1951",1758,Monastrell (p. ej. Jumilla),tinto,Spain,Levante,Jumilla / Yecla,Monastrell,Opcional,
C:\Dev\WSET-AI-System-push\knowledge\official-wset\specification\wset_l3wines_specification_es_highres_aug2023_issue201.md,"Recomendaciones de Vinos para Catar, lineas 1501-1951",1760,"Douro, Dão o Alentejo tinto",tinto,Portugal,Douro / Dão / Alentejo,Douro DOC / Dão DOC / Alentejo,Touriga Nacional / Tinta Roriz / blends,Opcional,
C:\Dev\WSET-AI-System-push\knowledge\official-wset\specification\wset_l3wines_specification_es_highres_aug2023_issue201.md,"Recomendaciones de Vinos para Catar, lineas 1501-1951",1762-1763,California Cabernet Sauvignon o Merlot premium,tinto,USA,California,Napa / Sonoma,Cabernet Sauvignon / Merlot,Imprescindible,
C:\Dev\WSET-AI-System-push\knowledge\official-wset\specification\wset_l3wines_specification_es_highres_aug2023_issue201.md,"Recomendaciones de Vinos para Catar, lineas 1501-1951",1764,California Zinfandel,tinto,USA,California,Dry Creek Valley / Lodi,Zinfandel,Imprescindible,
C:\Dev\WSET-AI-System-push\knowledge\official-wset\specification\wset_l3wines_specification_es_highres_aug2023_issue201.md,"Recomendaciones de Vinos para Catar, lineas 1501-1951",1766-1767,California Chardonnay premium,blanco,USA,California,Sonoma / Santa Barbara / coastal AVAs,Chardonnay,Imprescindible,
C:\Dev\WSET-AI-System-push\knowledge\official-wset\specification\wset_l3wines_specification_es_highres_aug2023_issue201.md,"Recomendaciones de Vinos para Catar, lineas 1501-1951",1769,Willamette Valley Pinot Noir,tinto,USA,Oregon,Willamette Valley,Pinot Noir,Opcional,
C:\Dev\WSET-AI-System-push\knowledge\official-wset\specification\wset_l3wines_specification_es_highres_aug2023_issue201.md,"Recomendaciones de Vinos para Catar, lineas 1501-1951",1770-1771,California Pinot Noir premium,tinto,USA,California,Sonoma / Santa Barbara,Pinot Noir,Opcional,
C:\Dev\WSET-AI-System-push\knowledge\official-wset\specification\wset_l3wines_specification_es_highres_aug2023_issue201.md,"Recomendaciones de Vinos para Catar, lineas 1501-1951",1775,White Zinfandel,rosado,USA,California,California,Zinfandel,Opcional,
C:\Dev\WSET-AI-System-push\knowledge\official-wset\specification\wset_l3wines_specification_es_highres_aug2023_issue201.md,"Recomendaciones de Vinos para Catar, lineas 1501-1951",1779,Icewine,dulce,Canada,Ontario / British Columbia,Niagara Peninsula / Okanagan Valley,Vidal / Riesling,Opcional,
C:\Dev\WSET-AI-System-push\knowledge\official-wset\specification\wset_l3wines_specification_es_highres_aug2023_issue201.md,"Recomendaciones de Vinos para Catar, lineas 1501-1951",1799,Chile Carmenère premium,tinto,Chile,Cachapoal / Colchagua,Cachapoal / Colchagua,Carmenère,Imprescindible,
C:\Dev\WSET-AI-System-push\knowledge\official-wset\specification\wset_l3wines_specification_es_highres_aug2023_issue201.md,"Recomendaciones de Vinos para Catar, lineas 1501-1951",1801,Chile tinto económico de volumen,tinto,Chile,Central Valley,Central Valley,Cabernet Sauvignon / Merlot / Carmenère / Syrah,Imprescindible,
C:\Dev\WSET-AI-System-push\knowledge\official-wset\specification\wset_l3wines_specification_es_highres_aug2023_issue201.md,"Recomendaciones de Vinos para Catar, lineas 1501-1951",1802-1803,Chile Cabernet Sauvignon premium,tinto,Chile,Maipo / Cachapoal / Colchagua,Maipo / Cachapoal / Colchagua,Cabernet Sauvignon,Opcional,
C:\Dev\WSET-AI-System-push\knowledge\official-wset\specification\wset_l3wines_specification_es_highres_aug2023_issue201.md,"Recomendaciones de Vinos para Catar, lineas 1501-1951",1805,Chile Chardonnay o Sauvignon Blanc,blanco,Chile,Casablanca / San Antonio,Casablanca / San Antonio,Chardonnay / Sauvignon Blanc,Opcional,
C:\Dev\WSET-AI-System-push\knowledge\official-wset\specification\wset_l3wines_specification_es_highres_aug2023_issue201.md,"Recomendaciones de Vinos para Catar, lineas 1501-1951",1807,Argentina Malbec de precio medio,tinto,Argentina,Mendoza,Mendoza,Malbec,Imprescindible,
C:\Dev\WSET-AI-System-push\knowledge\official-wset\specification\wset_l3wines_specification_es_highres_aug2023_issue201.md,"Recomendaciones de Vinos para Catar, lineas 1501-1951",1809,Argentina Torrontés premium,blanco,Argentina,Salta,Cafayate,Torrontés,Imprescindible,
C:\Dev\WSET-AI-System-push\knowledge\official-wset\specification\wset_l3wines_specification_es_highres_aug2023_issue201.md,"Recomendaciones de Vinos para Catar, lineas 1501-1951",1811,Argentina Cabernet Sauvignon o mezcla premium,tinto,Argentina,Mendoza,Mendoza / Uco / Luján de Cuyo,Cabernet Sauvignon / Bordeaux blend,Opcional,
C:\Dev\WSET-AI-System-push\knowledge\official-wset\specification\wset_l3wines_specification_es_highres_aug2023_issue201.md,"Recomendaciones de Vinos para Catar, lineas 1501-1951",1812,Argentina Malbec premium,tinto,Argentina,Uco / Luján de Cuyo,Valle de Uco / Luján de Cuyo,Malbec,Opcional,
C:\Dev\WSET-AI-System-push\knowledge\official-wset\specification\wset_l3wines_specification_es_highres_aug2023_issue201.md,"Recomendaciones de Vinos para Catar, lineas 1501-1951",1814,South Africa Pinotage premium,tinto,South Africa,Western Cape,Stellenbosch / Paarl / Swartland,Pinotage,Imprescindible,
C:\Dev\WSET-AI-System-push\knowledge\official-wset\specification\wset_l3wines_specification_es_highres_aug2023_issue201.md,"Recomendaciones de Vinos para Catar, lineas 1501-1951",1816,South Africa Chenin Blanc con roble premium,blanco,South Africa,Western Cape,Swartland,Chenin Blanc,Imprescindible,
C:\Dev\WSET-AI-System-push\knowledge\official-wset\specification\wset_l3wines_specification_es_highres_aug2023_issue201.md,"Recomendaciones de Vinos para Catar, lineas 1501-1951",1818,South Africa Cabernet Sauvignon premium,tinto,South Africa,Western Cape,Stellenbosch,Cabernet Sauvignon,Opcional,
C:\Dev\WSET-AI-System-push\knowledge\official-wset\specification\wset_l3wines_specification_es_highres_aug2023_issue201.md,"Recomendaciones de Vinos para Catar, lineas 1501-1951",1822,Marca económica tinto/blanco de volumen,blanco/tinto,South Africa,Western Cape,Western Cape,varias,Opcional,
C:\Dev\WSET-AI-System-push\knowledge\official-wset\specification\wset_l3wines_specification_es_highres_aug2023_issue201.md,"Recomendaciones de Vinos para Catar, lineas 1501-1951",1845,Australia Shiraz premium,tinto,Australia,South Australia,Barossa / McLaren Vale,Shiraz,Imprescindible,
C:\Dev\WSET-AI-System-push\knowledge\official-wset\specification\wset_l3wines_specification_es_highres_aug2023_issue201.md,"Recomendaciones de Vinos para Catar, lineas 1501-1951",1846-1847,Australia Cabernet Sauvignon o mezcla Cabernet premium,tinto,Australia,Coonawarra / Margaret River,Coonawarra / Margaret River,Cabernet Sauvignon / blend,Imprescindible,
C:\Dev\WSET-AI-System-push\knowledge\official-wset\specification\wset_l3wines_specification_es_highres_aug2023_issue201.md,"Recomendaciones de Vinos para Catar, lineas 1501-1951",1848,Australia Grenache o mezcla Grenache premium,tinto,Australia,McLaren Vale,McLaren Vale,Grenache,Imprescindible,
C:\Dev\WSET-AI-System-push\knowledge\official-wset\specification\wset_l3wines_specification_es_highres_aug2023_issue201.md,"Recomendaciones de Vinos para Catar, lineas 1501-1951",1850,Eden Valley o Clare Valley Riesling,blanco,Australia,Eden Valley / Clare Valley,Eden Valley / Clare Valley,Riesling,Imprescindible,
C:\Dev\WSET-AI-System-push\knowledge\official-wset\specification\wset_l3wines_specification_es_highres_aug2023_issue201.md,"Recomendaciones de Vinos para Catar, lineas 1501-1951",1851,Hunter Valley Semillon,blanco,Australia,Hunter Valley,Hunter Valley GI,Semillon,Imprescindible,
C:\Dev\WSET-AI-System-push\knowledge\official-wset\specification\wset_l3wines_specification_es_highres_aug2023_issue201.md,"Recomendaciones de Vinos para Catar, lineas 1501-1951",1852-1853,Australia Chardonnay premium,blanco,Australia,Yarra / Mornington / Tasmania,Yarra Valley / Mornington Peninsula / Tasmania,Chardonnay,Imprescindible,
C:\Dev\WSET-AI-System-push\knowledge\official-wset\specification\wset_l3wines_specification_es_highres_aug2023_issue201.md,"Recomendaciones de Vinos para Catar, lineas 1501-1951",1855,Australia Shiraz de otro estilo o nivel,tinto,Australia,Australia,Barossa / McLaren Vale / otros,Shiraz,Opcional,
C:\Dev\WSET-AI-System-push\knowledge\official-wset\specification\wset_l3wines_specification_es_highres_aug2023_issue201.md,"Recomendaciones de Vinos para Catar, lineas 1501-1951",1856-1857,Australia Pinot Noir premium,tinto,Australia,Yarra / Mornington / Tasmania,Yarra Valley / Mornington Peninsula / Tasmania,Pinot Noir,Opcional,
C:\Dev\WSET-AI-System-push\knowledge\official-wset\specification\wset_l3wines_specification_es_highres_aug2023_issue201.md,"Recomendaciones de Vinos para Catar, lineas 1501-1951",1872,New Zealand Pinot Noir,tinto,New Zealand,Central Otago / Martinborough / Marlborough,regional GI,Pinot Noir,Imprescindible,
C:\Dev\WSET-AI-System-push\knowledge\official-wset\specification\wset_l3wines_specification_es_highres_aug2023_issue201.md,"Recomendaciones de Vinos para Catar, lineas 1501-1951",1874,New Zealand Sauvignon Blanc premium,blanco,New Zealand,Marlborough,Marlborough GI,Sauvignon Blanc,Imprescindible,
C:\Dev\WSET-AI-System-push\knowledge\official-wset\specification\wset_l3wines_specification_es_highres_aug2023_issue201.md,"Recomendaciones de Vinos para Catar, lineas 1501-1951",1876-1877,Hawke’s Bay tinto estilo Burdeos o Syrah,tinto,New Zealand,Hawke’s Bay,Hawke’s Bay GI,Bordeaux blend / Syrah,Opcional,
C:\Dev\WSET-AI-System-push\knowledge\official-wset\specification\wset_l3wines_specification_es_highres_aug2023_issue201.md,"Recomendaciones de Vinos para Catar, lineas 1501-1951",1879,New Zealand Chardonnay premium,blanco,New Zealand,Marlborough / Gisborne,Marlborough / Gisborne,Chardonnay,Opcional,
C:\Dev\WSET-AI-System-push\knowledge\official-wset\specification\wset_l3wines_specification_es_highres_aug2023_issue201.md,"Recomendaciones de Vinos para Catar, lineas 1501-1951",1880,New Zealand Sauvignon Blanc con roble,blanco,New Zealand,Marlborough,Marlborough GI,Sauvignon Blanc,Opcional,
C:\Dev\WSET-AI-System-push\knowledge\official-wset\specification\wset_l3wines_specification_es_highres_aug2023_issue201.md,"Recomendaciones de Vinos para Catar, lineas 1501-1951",1887,Vino naranja de cualquier país/región,fuera_de_alcance,Any,Any,Any,varias,Opcional,Categoria listada por especificacion; fuera de las categorias solicitadas en CWP-AUDIT-01.
C:\Dev\WSET-AI-System-push\knowledge\official-wset\specification\wset_l3wines_specification_es_highres_aug2023_issue201.md,"Recomendaciones de Vinos para Catar, lineas 1501-1951",1909,Champagne non-vintage,espumoso,France,Champagne,Champagne,Chardonnay / Pinot Noir / Meunier,Imprescindible,
C:\Dev\WSET-AI-System-push\knowledge\official-wset\specification\wset_l3wines_specification_es_highres_aug2023_issue201.md,"Recomendaciones de Vinos para Catar, lineas 1501-1951",1911,Champagne vintage o prestige cuvée,espumoso,France,Champagne,Champagne,Chardonnay / Pinot Noir / Meunier,Opcional,
C:\Dev\WSET-AI-System-push\knowledge\official-wset\specification\wset_l3wines_specification_es_highres_aug2023_issue201.md,"Recomendaciones de Vinos para Catar, lineas 1501-1951",1913,Crémant,espumoso,France,Alsace / Burgundy / Loire,Crémant d’Alsace / Bourgogne / Loire,varias,Opcional,
C:\Dev\WSET-AI-System-push\knowledge\official-wset\specification\wset_l3wines_specification_es_highres_aug2023_issue201.md,"Recomendaciones de Vinos para Catar, lineas 1501-1951",1915,Asti,espumoso/dulce,Italy,Piemonte,Asti DOCG,Muscat Blanc à Petits Grains,Imprescindible,"Extraido de linea textual ""Asti, Prosecco"" como estilo auditable separado."
C:\Dev\WSET-AI-System-push\knowledge\official-wset\specification\wset_l3wines_specification_es_highres_aug2023_issue201.md,"Recomendaciones de Vinos para Catar, lineas 1501-1951",1915,Prosecco,espumoso,Italy,Veneto / Friuli,Prosecco / Conegliano-Valdobbiadene,Glera,Imprescindible,"Extraido de linea textual ""Asti, Prosecco"" como estilo auditable separado."
C:\Dev\WSET-AI-System-push\knowledge\official-wset\specification\wset_l3wines_specification_es_highres_aug2023_issue201.md,"Recomendaciones de Vinos para Catar, lineas 1501-1951",1917,Cava,espumoso,Spain,Catalonia / Spain,Cava DO,Macabeo / Xarel-lo / Parellada,Imprescindible,
C:\Dev\WSET-AI-System-push\knowledge\official-wset\specification\wset_l3wines_specification_es_highres_aug2023_issue201.md,"Recomendaciones de Vinos para Catar, lineas 1501-1951",1922-1923,Espumoso método tradicional de Australia/NZ/Sudáfrica/EE. UU.,espumoso,Australia / New Zealand / South Africa / USA,Tasmania / Marlborough / Cap Classique / California,regional,Chardonnay / Pinot Noir,Imprescindible,
C:\Dev\WSET-AI-System-push\knowledge\official-wset\specification\wset_l3wines_specification_es_highres_aug2023_issue201.md,"Recomendaciones de Vinos para Catar, lineas 1501-1951",1939,Fino o Manzanilla,fortificado,Spain,Jerez,Jerez-Xérès-Sherry / Manzanilla-Sanlúcar,Palomino,Imprescindible,
C:\Dev\WSET-AI-System-push\knowledge\official-wset\specification\wset_l3wines_specification_es_highres_aug2023_issue201.md,"Recomendaciones de Vinos para Catar, lineas 1501-1951",1940,Amontillado seco u Oloroso seco,fortificado,Spain,Jerez,Jerez-Xérès-Sherry,Palomino,Imprescindible,
C:\Dev\WSET-AI-System-push\knowledge\official-wset\specification\wset_l3wines_specification_es_highres_aug2023_issue201.md,"Recomendaciones de Vinos para Catar, lineas 1501-1951",1942,Jerez Medium o Cream,fortificado/dulce,Spain,Jerez,Jerez-Xérès-Sherry,Palomino + PX/Moscatel,Opcional,
C:\Dev\WSET-AI-System-push\knowledge\official-wset\specification\wset_l3wines_specification_es_highres_aug2023_issue201.md,"Recomendaciones de Vinos para Catar, lineas 1501-1951",1944,Oporto LBV u Oporto Vintage,fortificado/dulce,Portugal,Douro,Port,Touriga Franca / Tinta Roriz / Touriga Nacional,Imprescindible,
C:\Dev\WSET-AI-System-push\knowledge\official-wset\specification\wset_l3wines_specification_es_highres_aug2023_issue201.md,"Recomendaciones de Vinos para Catar, lineas 1501-1951",1945,Porto Tawny con indicación de edad,fortificado/dulce,Portugal,Douro,Port,Touriga Franca / Tinta Roriz / Touriga Nacional,Imprescindible,
C:\Dev\WSET-AI-System-push\knowledge\official-wset\specification\wset_l3wines_specification_es_highres_aug2023_issue201.md,"Recomendaciones de Vinos para Catar, lineas 1501-1951",1950,Muscat de Beaumes-de-Venise,fortificado/dulce,France,Southern Rhône,Muscat de Beaumes-de-Venise,Muscat,Opcional,
C:\Dev\WSET-AI-System-push\knowledge\official-wset\specification\wset_l3wines_specification_es_highres_aug2023_issue201.md,"Recomendaciones de Vinos para Catar, lineas 1501-1951",1951,Rutherglen Muscat,fortificado/dulce,Australia,Rutherglen,Rutherglen,Muscat,Opcional,
